ward,target_pct_vunerable
00A93O0,15.9063120203628
01V40KO,36.84053702054933
01ZHVW0,8.616458090988667
028YQJX,2.3309377920425636
02G8W11,0.010053781761242978
03RU77Q,17.299965639005194
0935C30,22.144266376345694
0DCE4FB,14.86531883545551
0DUEHMX,2.1029641987591448
0FTXTHP,2.9847197945391186
0FXECHK,3.9439024607477826
0HCX91F,2.9842876037467896
0IKGARI,0.6060587424508747
0JRGKQ4,9.444049399003248
0KTSEXR,1.1857545867253385
0M6MX2A,3.015177458294872
0P8S06V,40.5958015357191
0PBSOBF,9.761096494415211
0PNJX5M,0.7668880797144842
0RA7XHK,-0.23430839914358123
0S7C4DH,1.9711641155251998
0TRP3ER,41.07454981826569
0US7N2T,33.6520087747929
0WS5BT8,38.402964982074884
0XABPKH,33.6376085912924
0XE31PI,14.495711883093938
0Y0V3J8,17.267776578562156
0YPOXHL,25.4902813366943
0ZFUG7F,15.558111352709759
105NU2D,40.118153579858955
10OB8IW,-0.6674563021317539
14EYJ6K,35.34748836583814
151LFIB,5.3702802042548505
17FACUG,10.139433298712392
18M5SKB,12.687974686122411
1B4JFVL,39.48017241846938
1BF4WMH,-0.5889089450629986
1BIEG1U,7.38539424266884
1C2TVDR,35.64745621660558
1C48ZJ2,27.60201988100331
1CMO0Y4,0.11787044295934396
1CUTFTD,38.76250466374629
1DNN5IJ,34.57415069978668
1FG5H0O,38.11458065381881
1IOYQOT,42.78580620303533
1JBNE5I,0.8746875076259798
1LGRAYJ,13.892393818550934
1O20G6P,0.7805380552802056
1PD72TN,28.006981629499624
1Q75HEP,1.1151245697530665
1RW5NMZ,-0.08679932199800709
1SZBSWT,0.006473365065815186
1U5BC3L,2.294380002944214
1WAZ8Q0,2.14453483824999
1YE6439,-0.15183712637636657
1YIF2RN,0.14921185648090415
215TAPC,4.579885984757634
22DG8AR,38.0390515711696
233CS64,26.018525665542498
24JY8CX,32.35384698491996
24OX2ZO,34.72055641136945
24WYRNI,45.206555928815476
257YM8M,7.8276010264938884
26I3DN0,1.593487850398816
26RDOIK,32.97413918911931
2861T51,34.63790983364408
28FV4CA,3.008799568876509
28XXOHY,12.777527685261061
2B8E3IA,35.21124105762839
2BFC9MJ,1.4365212490512487
2D2Z50D,1.7748995727311148
2DF76GS,31.724840124507015
2EEDA3F,27.043535496276125
2FO0WKT,30.0145565736328
2H6Z1TB,32.45802494624374
2IZ2FOA,36.21691852749447
2KJIQI4,-0.23759383823561364
2L6Z5NV,6.728220887528878
2LDKL4U,28.043727269598595
2MDACB3,3.569016273007172
2MQD51O,1.7698083236976343
2OAIZ4C,39.93165455221189
2OU52SS,29.204227964259285
2QKDSRB,0.8164805338889712
2R2BYQK,1.1751688623572905
2RFLYH2,0.630079370356024
2SNGXJS,11.672797503289999
2SZ6BB2,33.53676525287424
2U3Z9GM,0.34046886956716427
2VQN76H,2.577654717240668
2WJG38Y,-0.33194036972969093
2WN9P3F,24.888434284613542
2WNNN6R,39.29913866956303
2ZDX7JP,12.451802742567878
2ZJX6E6,21.994827369974924
3369B4X,2.1869396504314476
33AU2EF,7.824267246929858
34HQTD8,3.8697718858749006
34JHI35,-0.2328320960851525
37HAXAE,0.6051524452840046
38QC76K,23.653602594602187
3ARUZR4,1.2963397917718649
3C8W5V6,1.5831148465499458
3CAYCPX,6.7181518251163395
3CI0CKX,4.131031971049862
3D0HQS7,0.7260300532203946
3EA16E7,0.2557100353232405
3EHDLM2,6.392029996575942
3EXPKHN,0.05083946559074026
3F2D9F0,42.69809168287691
3F9T39K,36.31494130670072
3G0G6A3,5.136881901032007
3HJ2SJ7,1.6496160821413495
3IMSK3F,20.75392588188616
3IO8T7J,0.9520697078886088
3K1QDO6,31.80252915277298
3PSGNSV,28.834569364358615
3PUBSAF,35.79062523804688
3Q1BEBW,31.598369644262167
3RCTMF2,11.409422660776164
3RL23LD,3.477434057216828
3VGPDZ5,38.61277372685845
3W7QZ5P,31.392886070663526
3XCKC70,1.3751445876350932
3Y7OY4T,8.05810835281819
3Z7B62W,24.283726115997826
40LFOGC,45.87729231102545
40PHH7U,10.034576702046785
42DZQJA,2.9403505084833435
45AI1QH,14.579633411050592
47ICDLY,-0.18716642602531544
47XV4P3,27.569599271011935
485MJWX,1.1462094140125083
49HVKTG,-0.15760474332410276
49ZGNCJ,2.048987803209425
49ZNW7E,3.4390697049700307
4D6H3V3,9.947926938819364
4DARAWK,40.56461003578909
4DBURYH,0.04339468065920943
4IJL6PQ,0.6127525266826624
4K01HCW,-0.17503191979637658
4KVOUFG,-0.4528219964468115
4MUT93Q,1.0373036475224862
4OMEQQM,3.369274363193597
4OU1J1Z,-0.08668992932083593
4QIL7U4,7.575442262369541
4RFNZ3K,1.1443901986368126
4RGXG6V,28.132542949632537
4SSME9C,25.467302901702638
4SXBIRR,11.383468395041744
4TAUY40,30.7600869618846
4ULD0F5,21.28377548576228
4UUST6G,3.088065675034663
4W49QH5,18.96014180151417
4W9H5MR,32.498337367053495
4ZOI3KZ,16.840546673834965
50JGUDC,2.3934167470972225
51J42OG,17.917467398059014
52P1YPZ,3.118804479322526
5404OVK,2.9394007144087553
54ILT9A,1.4054139833552586
54VKXXW,6.698058920314129
56AJT4M,29.50803163017157
58DQFW2,3.8135756910326664
59A2WAI,2.0839388460410473
59W1R31,0.7924411982225771
5CGFJF4,1.3526125508934956
5EI2I07,39.810364553694924
5ELWVGE,8.027155259821837
5F2CTMZ,0.6496162700390032
5HVS35S,40.374153262711616
5JE13GA,45.331882533400155
5K5GJFJ,1.5809830779649234
5KKOYMO,34.64508024209801
5L3M523,-0.7897164305696297
5LVF7CU,2.0563554317369177
5MM3YQB,5.883270712494098
5N0URLB,5.493398291771551
5N6EZ1S,35.81856640643185
5S3ELYF,19.364714617825012
5TBBZQV,42.20591479010866
5WGC8R7,13.394824779037327
5WN9VZF,7.397703962630864
5Y31GRR,38.01381355406084
5YAG9SP,-0.19130148029769645
62E22PQ,1.5641488930097986
652X54R,27.234911644984276
65VFJHC,-0.49785348324642137
678EWN0,37.9057814301327
683T0RS,4.053401806386834
6AFF1OZ,30.225849121947842
6C3151N,-0.019075778967507062
6D2WD86,0.7480809788183668
6D96UPF,7.958862447750079
6EY3N45,0.04426466510110249
6F42S01,1.0215203141782432
6H5XB06,3.6427261579461025
6HBMUQ1,38.7648948722454
6HR8849,7.334727194822265
6I2ADVC,0.15081165898580307
6KA2MF9,30.66083212042368
6NY6KYD,0.5675358440758045
6O6VZL4,3.486864782043353
6OC1RD0,17.70638592617934
6PSLJ54,32.90738621217785
6QNQRT1,1.9021552759541478
6RGO7XW,1.602552594075936
6S3AVBJ,7.365932868161207
6W07TP6,12.019636075574695
6WIZX7C,31.257284018564565
6WKWAXF,22.84624634127727
6WRMCTV,0.9100174165457228
6XO9WKJ,4.433786031114379
6Z0AG00,-1.7810889366512335
6ZX6KZY,31.891840841318828
70QTSOC,32.81029023868172
70QWCQN,3.872955586820082
70TT5RG,33.553026206932486
722FB2E,4.835913847866206
727BLLN,0.9865053539664964
72N4VXM,40.27855128078641
72QMGGF,30.118556864876613
7376KM2,40.072458219820014
74ZW69I,30.419962411583047
75INALX,36.86550819845826
7674G9Z,13.157457078516638
76PGI5C,3.0049691533180556
76XL1DS,12.562245473111759
7871DQY,-0.12124629744232107
78NCRDD,39.95080850875908
7B9PJ46,43.95423755097088
7BA3P7L,3.3629585436795986
7BGQBZS,40.013074781047706
7CESXKA,1.6172110865976024
7EYP4G0,4.322019210067865
7G31XF6,20.109722702912624
7H1DT0M,0.4404475660780915
7H26K3P,31.345713301239154
7HJI3YZ,3.411220719148123
7HS8XBV,13.235989332776198
7J63FDQ,0.8600461118193145
7KMO5P0,27.34191448513798
7KW3SI1,0.8295929377289274
7LF7KJA,30.007651041612537
7LP4WWS,1.3678836329082589
7LR536E,38.89283032416719
7O4GI7N,7.4819222690186065
7O5642F,45.050325725750945
7OGTH2F,0.4542198641433522
7OPTXE8,2.237579787944925
7QEL4LH,1.345103982179
7TCN6IW,0.6946105572022278
7V98R2Q,2.77013103050864
7Y2MHA7,0.2317038085931986
7YI3CHO,2.447913460053651
7YL7D6W,15.992838315676245
7Z6YOV0,4.274855888695911
7ZGJQ2R,2.562725875433134
80PSDM6,0.12744026002237485
80YBLWC,32.624363209673845
82JCYHJ,3.0736105798254463
83TRY6G,2.473290602419949
88NI79C,2.1594557057744503
8CO88MA,19.90939031030131
8F9XEV0,1.1580933077559765
8H1ZG4F,2.2002480668783484
8H7C2ZL,26.188191629103823
8J4DMMT,2.889702504430392
8JAW9CN,0.5211260125337703
8JIS8H6,17.94838487291747
8LYR33E,35.55947292690528
8M6KSB8,36.20909457343781
8PIZIXD,8.998160597768582
8Q4ZXKO,3.1427180387543925
8RZT1QY,24.861141265910053
8TZ31BD,2.6922996648190947
8U22RRT,0.9470870508051549
8VMATWP,4.006459425863241
8W7VAH2,15.11217188477176
8W9J3U3,5.997316342318347
8Z4XDBI,0.42397089636823226
8ZSIWPM,33.823188248423826
91KR9VT,33.7293326498515
933QAGH,0.321383742720257
95NNRDB,3.9527747433663194
96MA3AF,33.50112004287785
97CLVP8,28.361873352107626
98S7F3M,29.18085132614381
99AOQGC,-0.034351276743759734
9AWIFKJ,29.66608209490974
9BERHOH,1.9163371958526672
9BFNNF9,5.571945025226358
9C9NGOA,4.622120926065066
9ECLL9Z,34.174164565502934
9HS5M9Z,0.3488289087482103
9HTBUN6,38.47984791407413
9ISLQ60,6.466352830514265
9J02E7F,4.346740735631677
9L7B971,2.707697417485056
9ONYDLE,0.8210690769636866
9PDHCA1,40.037962709963374
9PFP18S,2.599227005083066
9RF4OHB,34.01367693346297
9RIXRTY,1.924098181273034
9T55WOP,39.25971577541671
9TGSTW6,37.54650217313024
9UNT4JY,15.167043168592423
9YGQZWQ,2.6690329759683142
A1OF2EL,14.05292056453098
A29CQ8L,14.086368778958816
A5LQQ0D,3.283191983175611
A7J2YLO,36.05359133481682
A8KQLUM,1.9949818770251186
AB21C6W,21.014731509061587
AERL2RY,16.551339011039047
AEUUU5U,24.400251187708538
AG7R283,2.692131363838581
AJCA5P8,1.309712183907016
AJFPZZZ,5.367459961608048
AJSS5A1,20.291998822253078
AKB182C,42.981499728093034
ALDWH1X,3.248438241311536
AM4T8JY,3.412887042163112
AM5E92T,5.908159958715221
APPXPKB,0.9929817239358735
AQFXYE9,31.50043230123474
AS5JRV6,16.061254123122822
ATKC6E1,-0.0406423495860625
ATRGY6V,1.168538888331786
AUCA4KA,31.60711473052719
AVHWRWG,0.8501367882893421
AWTEJT5,11.794296072832964
AXMPXBT,8.026241375021193
AYSTXS1,1.9021436082257352
AZ4NS9X,2.8409196158691308
AZK6D4H,13.764915587165326
B21VKS3,0.4671820428987732
B2V9IKE,21.018617592577574
B3NCMQS,2.968009430316995
B6975OR,5.7240056024814505
B6KREXD,5.816943997485976
B8VHYMI,17.411943382621832
BDM72I6,29.947575376217213
BE7TGCB,44.74230869482843
BEQU1O6,0.5584165343681785
BEZN5NA,15.8030027758739
BI9LJ9F,8.15168482388754
BILX913,0.8136957008140939
BJYZ72X,3.498335280690059
BJZYAU2,40.1698554593712
BK5HDYT,0.5249897902337027
BKM3H10,28.836386400780345
BOHWVWP,28.745026159711077
BOTF02V,0.25527223173749564
BPBJ33N,32.69514321620277
BQKYO2C,1.4246153838578468
BVMB1WZ,0.48187811062661673
BX0I0XW,6.407294583202387
BXZ5ECW,8.088105106615172
C0J0F1P,0.163736059026699
C30U17K,1.304354757758025
C4CD8HR,0.9735790558902983
C5R886J,40.46138876437427
C8CSK7D,0.3917841866237117
CAF3OAU,2.665425293317022
CB1QAVX,25.94842857749755
CDOQIA6,0.9983658308064505
CEQ729A,31.82787684725513
CF0FDBB,31.27188124017088
CGZRMFT,-0.041085848324645784
CHGGEJ4,7.121261881738254
CI7SWQC,14.095196499919567
CKSFQXT,1.7347021262987166
CMDVTUQ,33.669303817206405
CMEGM3B,2.781134175354713
CMVQOK5,4.170398408705548
CNC6RMY,5.198822928858628
CQDFDC9,38.27357354316603
CR90ZYN,8.878918683398531
CRA8AXR,37.37549037049188
CRM7XGR,37.42956236245692
CSJMN94,-0.4240151633457691
CSQ8ONL,32.62248697621857
CUA2D7G,0.41849384957637686
CVYLZ5L,1.3665513782322645
CXWW04U,1.603761856768528
D4GH9YU,8.222312205878465
D4KYOVL,0.32749910856771974
D506X95,44.072522706469584
D5RMK4N,39.632262942600555
D6IG1OR,17.38019628505722
DC8TVXY,0.8422800073381606
DCNHKH1,5.227832503236588
DCQAJD1,0.5890653159577642
DD34F1L,44.36025827998392
DE427GM,7.438782483411079
DEYZCCS,27.891756418323087
DFTL7CQ,2.6817434240127276
DHC5KRP,-0.5205552424030192
DHEVN3I,39.10626164253842
DHQ9UFQ,4.805203203077895
DK4DWMH,24.74498604154117
DK7XROB,7.917055461423033
DLB3WRH,33.96336985354072
DLG0XMA,33.24932208224198
DLRMPO2,3.1419727206715504
DMYKPR4,0.8400445867884979
DPXRQX4,1.3295446331323069
DT1A9E3,3.8025513884475886
DTMHZ6T,27.429447414585393
DUCAFUH,36.22028972017188
DVTE2AN,46.40474099191491
DXL30LA,40.23386723566616
DXXUNY9,1.3847691571736485
DY5YNRV,1.1696596577938376
E1FC68F,13.165182238364887
E2ILHEI,1.4306841994215722
E2MT71O,17.64452583820367
E2O8E0S,3.2698975667054775
E4ESNDQ,21.220640310848783
E64E4F2,37.38029298245058
E8WJ4D6,-0.18855479602957448
E9L6ARS,23.897881300011054
E9VZB68,13.359429344074712
EAX9J3P,2.710827494652736
EDRQNYR,0.3509341539707688
EG65A2B,29.292841397649397
EGZPSVI,-0.17123445805136894
EH228C3,40.67445000601095
EHCONME,7.884065967245543
EHQZ4Y4,31.362100244158707
EIO9DRQ,25.597660866468715
EJVC014,-0.3148895864258716
EKDFDQ7,36.32216904017749
EO8BCE9,-0.0990559975583412
EP486A2,-0.45321666587551707
EQO0H5O,40.679493808599055
EQYUT34,1.551531727986811
EU9U747,40.5741838143494
EUCT2HM,0.27079699769792204
EWWBQKS,13.560616300682803
F0XCLZ9,0.7787505827497947
F2C382V,7.034808561585578
F4TDEO1,4.258567559647507
F4WT22B,14.716836127297055
F4X93YN,39.04603011305568
F615LRG,3.905647567087371
F6IUZUE,9.588142166722298
F8L4C24,8.09306746169523
F97GO45,17.365124458244207
FAJGHMF,0.9010979491089545
FALCTGY,16.305018770397908
FBCRMC6,32.283066399407325
FBSIOFN,-0.5870321380689484
FC5H2XI,2.6327186919486487
FE4YE1C,2.284943515704869
FEGUXNF,41.060157982541035
FG6RFSL,1.1450934974141196
FH3L9HI,4.192540517797449
FL647DD,0.19778596488361366
FL9EGRN,6.609365069773214
FLUBYBI,38.41028990039035
FMQPOZ2,0.5739783072179251
FMVQMD6,11.37174328944751
FO9ZIP1,34.221182041490806
FP4US02,4.2724923740316285
FQUA0G8,7.013335220343006
FRKT13D,0.4262111726078494
FRYE2T3,43.960811674777176
FSKQ43U,13.592622360459861
FT4FYXF,0.5710161115169088
FT5NICP,2.9668200319213103
FTFBY3X,3.710880217980049
FTIG3NA,5.78804699249631
FUNSQ0P,16.85516003372172
FUTQFXD,31.51768421017013
FWL6RHB,2.4542951826798265
FYGWYUA,5.64491070201955
FYTPD4G,33.71852683892808
FZYBHN0,29.868663603512093
G1IGQ85,0.860379942747815
G2UPTB4,11.038446582711613
G351CWK,0.6843191057726153
G3WNH2P,12.013343871493666
G4DSUVR,43.53448498229367
G65EE2X,0.6580133583559556
G6PSA7A,2.622885301325789
G7SVLIP,-0.1892520407270584
G87ZFLI,39.54262675302748
GAHA6EE,36.477973788088214
GCJ2R0O,3.3300203054202684
GCR9H4I,30.026417005290284
GDESAIV,12.27933356459634
GFA2A6P,-0.6920921686124797
GHY7KTV,27.225149051351135
GJOSYVF,0.16138527594869942
GL8ZFZL,19.347054974092227
GLPX4S2,4.496315704985503
GM4HYV5,17.651029999648287
GNII8UH,0.8685910577106389
GR09SH6,0.4651378914216339
GRF7F86,1.7957184118353562
GS0GUX3,28.65597384530639
GSSEWG6,7.50582907891683
GVK341T,13.021356044227156
GXE9IT5,17.284785634462867
GXFDASD,23.491217912947217
GYP1U5X,0.3503084781862402
GYZZQUR,7.822194545529477
H051PQS,0.40707173103058053
H068AI4,25.351899809510623
H0BQSMC,25.92512544775059
H0CW9H7,29.598862580686532
H2BBFBM,3.513762576334507
H2FHGXX,2.832458856062257
H5ZFFVP,4.302748215928634
H6B0IBN,1.0543716521899396
H84XHH0,0.45141820181475617
H98LHW6,14.749867731488594
HAICAXI,0.45804110759577304
HB6C2VM,3.502012374934773
HB8UE93,15.21251458206865
HDC1SOW,14.291468088640782
HEHYAN3,4.498099294977425
HFMBQ2K,3.427136964109747
HGF3YM1,-0.15262862939355415
HJ0J8A4,2.8851436539678765
HJFNQ4Z,17.075572517583463
HKJAHMJ,15.715042547144563
HN2VQUN,34.63886487431895
HNODGSZ,26.987069101497255
HO8AH09,2.3208338285853714
HOMRBI3,0.12048908180469621
HOXIMWQ,0.5652785692748137
HOZAVUD,1.7562449707111785
HP6L7CU,0.2012604901386401
HP7G5SI,21.3898619433356
HPDJVKT,15.191288451108619
HPOTGMM,5.3331526186276195
HS3ZUIC,0.6163770879980692
HSBI33P,1.0390046269384037
HSQJD7X,0.15698663638402208
HTMSKQH,36.821679165822026
HUOBPRT,30.30433188847672
I08O4A2,0.6103853372148459
I0S99NO,17.579267110150237
I1FLB1X,17.82253553602661
I30EI2M,1.8317419403909554
I5XXEP6,13.504985743397151
I64GJA9,19.43848609702295
I6CB7TV,1.0026179208014276
I6K3TX3,2.4501501593053154
I7EWJKO,1.324402540670566
I915T3L,11.147127515509746
IBG3UBW,9.346808209532846
IBRH0UK,0.9977297099030257
IBT03YF,2.016996082187274
IEEF6U2,1.6519000933898578
IERSARJ,20.273033460500297
IGRN0CD,1.4503562493811233
IGYTPRV,37.36479453019661
IL6AXV2,-0.32260467160334005
ILTB4TJ,33.243704316654856
INQ0595,6.578290398895625
IPJXBNX,1.7086682058049005
IQ6B52M,1.0460499656565458
IRJC07R,34.95824502162387
IROJ9OQ,0.25852547951626365
IS3U4NX,-0.053296211315852327
ISR4UP5,-0.6757132126428846
IUF7U02,34.553473102193486
IZWTRY8,25.598049416429845
J13VWU8,3.6825976754399896
J9ZC8KQ,0.7880908534859087
JA5IZI6,-0.08131113178099504
JADS7KZ,0.8154236324413384
JDITQLL,41.95570724777221
JDS11FP,36.728748223826166
JERFJPA,35.966988169040086
JGRAFZR,13.237344471982496
JILOBHL,4.668247417498381
JJXZ413,44.76574503446366
JK0JD5Q,0.4537967697443049
JO23YAB,35.11740297634726
JOEY6VD,1.5664419080823062
JONLVA3,39.49423831210714
JOVNCCD,0.6723757496887889
JP7G0TJ,39.98115631144713
JPLEKFP,31.50133422228468
JQIKVQB,0.8921646043448609
JQLQPLT,0.6148541408631566
JRCABOC,38.41786633744824
JU7L4Z8,2.5344272198248428
JVGSVUU,2.549764148292567
JWB66T9,2.359301081001734
JWU18S5,6.96784772176161
JWUNRHJ,0.3388818130893811
JXEEO4C,6.578452455401833
JZGQJ8S,5.783596192464142
K0N9P1U,4.621343001729005
K0X7GEF,13.110454178486675
K10QAFA,18.463024823444666
K1BHMVT,18.01209891015885
K1GUNP7,3.122735928009172
K2LRVIV,13.775644199885155
K41CN5K,1.0117389028009798
K6RTCX4,-0.37994599170066684
K8W0QKS,29.99049347618408
KAL2K6J,15.42843050982743
KAVI2N7,3.1183420335812726
KBFI436,2.4595231366277956
KDW4FH2,0.29729303974158244
KFY6NQP,1.4065214596662032
KH965L6,6.219014182126504
KHA8AKR,26.860109602723
KHZD78Z,-0.040204456176474286
KIPA1Z1,-0.36256247760203936
KL0XRM7,39.88517193781186
KMQIOPL,29.656794069273058
KNTFONZ,5.6392815108432215
KOG35ZD,6.232455571175773
KR4ZVZU,0.959074025198348
KRILFSB,6.501302632151716
KT0IR8S,26.38202953676584
KT4DCML,0.9547416300746713
KT4DV8U,0.272970972221403
KV9S7BO,0.22166972828548667
KYV0YPK,1.2415306979878198
KYWK5FL,5.6393577951103815
KZ6HHR7,-0.16175862895347012
KZ9I7G4,26.669778932999275
KZDA0TR,2.687845208937432
L14R619,0.28101452887327555
L14TI9W,0.4384325827384959
L296CLJ,0.9952396552078048
L2SH4Z3,0.4198630463746207
L3108JM,26.08105944378757
L3M3MP4,0.23332484735641523
L3RDZF7,40.03216095994852
L5KP644,26.554024625306784
L90MOJU,0.42537898494790777
LABCTSY,4.385504291975704
LB9DYZX,1.5828340401275198
LBJ4V47,14.860110145355046
LCNON4M,7.787087250864741
LE0ZIZO,-0.7394687708340797
LI27M5L,0.265378490811714
LJ2XPP0,1.3371453991991216
LJX33VY,0.16837022093410622
LN1CZWZ,30.8965491143607
LNGUZ2C,38.59323265195507
LNLWG10,-0.12608459419024468
LNNL1RQ,0.4029496241813762
LOA8BK5,24.39768345168311
LOZM079,27.269390121880345
LR7MT81,16.427694092372565
LRJ3LYZ,0.17402511731263884
LTSRY8L,3.157030003253476
LU5H6KW,-0.9798161262806842
LVDXGC6,2.0204804552920828
LWVVA1Q,0.34939639218538626
LXFQZIP,25.46040231452658
LXQNDTB,14.448910093837995
LY89Y4W,0.17994436274219305
LYFZXE7,4.689151126593043
M0L2YZI,17.229770954928686
M0RK3DS,40.56308750428075
M3G1XV8,3.200059238294553
M4HMED4,2.4299774525183966
M8H3UGM,3.4407939052788277
MAGHREI,-0.3713980934781918
MB9HM4N,0.5880074299303805
MBCPBZ6,3.542198515033682
MCHTPDO,4.7264498594774125
MDDALNY,33.21214258097398
MDY5G9V,30.353977381421824
MFN67G9,1.6477559315646066
MHNMH6Z,2.775299432429953
MIG763X,0.015771451214842025
MJLGMEK,2.1724081628583662
MJO75IU,0.05359335870220224
MKVHOLH,7.007478206146556
MM37PJI,15.738596151285748
MMCJPLL,32.54599404430388
MMTJANS,30.89620427125678
MN59YXM,16.08286809614945
MOC9YLU,-1.1891543793908783
MOI31TE,33.32218943130824
MQ3XADH,17.102876598807093
MSXTFXP,0.16229207602251716
MTBC19M,11.401128994334433
MVXMSBI,1.6602779690321052
MX9JAX5,21.0710333214739
MXWBZDB,21.802297449283277
MYKRT2F,1.7690749597015791
MZOQHE1,28.28626946632124
N01GIXS,2.7380445781580947
N04RVND,10.505288749591722
N06USYP,25.406852016112094
N2KF0V7,2.1165973996435983
N4NLMES,4.0587734609096975
N7GJMJC,0.4355149744542158
N7HHK3S,16.144804252083137
N7ZUKG2,4.234233056052754
N9T6VLM,35.46484340314225
NAYJB10,35.7454407940077
ND0JYDB,36.09812820906841
NDL8SYB,8.49341512089615
NGHQY9E,0.34821365112993313
NGPVLJR,0.9206829086334158
NI07H6B,36.61636733937484
NIV1PX6,1.364580776472965
NIZ8E6V,0.7693334374094859
NJBXEA9,34.094953155118105
NJCV4SV,4.793608477196121
NK25JX7,1.9399482849817555
NK595I5,4.077160961217122
NKJZ0P2,1.1571263377574805
NLSHK5G,3.5479152539375747
NM86P1X,2.35895746204444
NMJ91KT,7.411120511719282
NMOE9MS,18.46279393115959
NMQB7KY,2.557177312332387
NOGV1OL,0.01861710626946747
NS1NM6I,41.09906237109572
NT4Q0ZN,26.698132870470527
NTE87ZD,21.088555947640902
NU8EA7A,3.3947982521621314
NUJU0CV,-0.1122889905602265
NW13DAE,28.73143238689734
NW3L55I,-0.32634445664405737
NXU1FAJ,0.32283313424750815
NYODCCH,0.2775894356799199
NYX6H0Y,0.35767976792403294
NYY0XPX,3.2093749969208623
NZJ061W,2.2360619911782877
O0B0W9W,1.80572826642953
O2RJ5K0,1.9069030844232608
O44FHVP,3.7240604250600478
O54VQNV,20.5687214894689
O66E2GD,25.043504686637306
O6BUZ4X,0.11697123086345797
O72ZAMH,1.5474204386162853
O8TLCHZ,0.5925329413607738
OAJK6MW,30.88191144496108
OAUV81P,1.1763468215055057
OBMXWKQ,26.961328461145566
ODNFJ1I,0.5272468669226748
OE6CHSJ,9.173566670940295
OFISK6Z,3.884075648913285
OGJCMH5,0.35957957388877954
OHHERMF,10.461049214051064
OHRIL2J,5.563290979954086
OIIQANC,1.2385087368146717
OJF3LBX,0.15536332697689212
OJFDFUL,34.127711189908574
OJV6V0S,18.90102849416697
OK14ZYP,3.547664403054904
OK549UV,0.06337822007665135
OKR2Z1E,13.969823170414076
ORDQF56,5.233122248850212
OSU9FUF,1.4946999118398316
OTWHFDS,4.826688688410564
OUDIE7M,3.6395886309066494
OV0H82B,1.0376552278727316
OWWO3TJ,1.493484581934032
OY6MMSI,31.07924582599748
P01O5SE,5.19387541083946
P0AURVR,2.463202902915916
P0PNAP5,41.908277419997646
P0YRLF8,42.008991037747364
P101U1Y,10.041641694778207
P12LTXP,0.8118812672582632
P50W51Q,40.04426630436616
P5DRBT5,26.533964415329823
P6FYCS3,0.45686348515057285
P9TF6H0,24.291441316447273
PBNG5I2,3.8149687754183605
PC3PTM2,-0.18873576640415468
PCGXFAT,34.822210921878586
PFZJUDY,1.8510725287995573
PG0TUFO,1.5550219168531438
PG8VHKY,-0.09545077343885981
PGYPB96,0.246911337250057
PM9ZGVN,0.1436725945114223
PMPI904,11.143398750155493
PN2QXU4,-0.07471979247248842
PN5AEJR,2.208724366828703
PNJ2S96,0.9485914028318086
PPH0474,15.583177469708035
PPOUS3C,17.54864153589502
PQOZQ9W,6.092441732664489
PR60JLQ,8.448140725928363
PUR3YEG,1.6354926343548983
PUT5QUT,31.034997316788814
PUWWXS3,2.890258196250026
PUYBLCL,8.919065569823957
PV7EBPS,3.3264748450137485
PVXKA3W,0.3639349758968473
PWC55BT,40.81590272699966
PWQR8P5,45.95227266442597
PWS7UD9,-0.09628220532632509
PX46FE3,0.6316938536718916
PXXEFA4,38.52760238571096
PZUN8NP,1.4546114190633463
Q1HNN28,4.4594578311037125
Q1PCL13,0.024668824458789273
Q2JRIJN,34.39375479247833
Q5CFP2T,0.024467293404449027
Q6143KU,4.028777557645937
Q6U5I4N,0.1930221376360057
Q8BIIZU,0.24331442203850087
QAMMRSD,32.65269001703769
QAVLQCN,2.733907976953374
QB85T37,0.7758835822476854
QBSVYYD,1.641328903609227
QC4RN0Z,20.543756945851197
QCIILW3,36.867164824641996
QD2GE6I,6.080841058361519
QDAV94C,0.6489693068679142
QDDDZYT,3.1079899668054445
QDPYL2U,0.7217292759083174
QFG60LS,1.7937749649258479
QGCAKZ6,29.407969613218512
QH706K1,30.847923149007826
QJWTY2B,5.456877189629721
QL9SLDS,3.0270043198355445
QLFK8BS,2.182131732224902
QN3PKLF,30.696809207569572
QOEBOR8,31.757550612880447
QRT7KJF,9.2882440847795
QYE25PI,29.364309611873324
R0XEUCT,0.5441497105146313
R3H5L23,33.3867918129199
R48DF2L,3.4757352407277557
R5927WW,-0.17265539649720987
R6LT29V,0.6497197702803258
R8YU11R,4.081091234716184
R979NJ6,0.5878717429443359
RBAQOFV,1.1461133790456415
RBHGOKY,1.4513212300465428
RCQGWY3,1.741701259308943
RDG6JOX,23.976493425906312
RE3QZSQ,18.903757656878145
RG750W1,30.745044139290076
RHK3W5P,27.382007652726667
RHTASON,6.215749875656741
RIA9L1X,0.33992849916746426
RIWAT3Q,7.579974982665958
RJN1OGL,3.265409039218499
RKRR2HK,32.43016324598381
RKX72I7,1.681439445759171
RQ18H79,9.608381629258902
RQ1U4BU,3.0186027524158305
RQID34P,1.083199040954115
RS6CKPN,0.19922368505782187
RV6TP2Y,3.0978039345187613
RWWNTNS,27.91797120883244
RX0JEQP,20.39236890544331
RX6KMNP,0.716060376965518
RXPYHF3,2.6802726820833556
RYFH3P3,24.78142989820442
S0Y29Q5,1.3244396845759918
S2L6QF0,1.2309983740985866
S2Y87VX,32.22005748524707
S4ZYSZU,25.74550709638845
S99UBPA,3.15722748319407
SBR1I5B,16.69817034422905
SBYNJPC,27.535264679123912
SCLUFL4,39.28499336087286
SCMB4HS,8.73603607911864
SDHV2E2,6.202366340485107
SDLC84L,-0.6035066639858668
SFW9WE4,36.97224338241576
SHKI70P,0.21450302635987914
SHVSINU,14.201512734463654
SISXQO1,2.452578063539026
SK239FE,1.0753256271475904
SLWT623,14.845293779401652
SOWKV4B,2.6849337748682465
SQY1S3T,0.6300871623552579
SRML5XX,34.44053903695963
SSEAUO8,15.995127126868027
ST21GGG,2.5012849078397674
STSE3UQ,1.9644974419031798
SUO3D2H,33.22591027530457
SWFDSHK,3.831111614805725
SWKZV33,-0.08150425619260049
SXSHSV4,45.038001241375675
SYOY7YP,17.993065601235823
SZYVVAJ,2.259636848520906
T16HRPB,43.54951469489129
T3FQ1IO,0.14602406237286966
T550RFY,29.29947849416507
T6GPZ9H,1.1940248813375456
T76P2C4,6.939460234344719
T87F8W7,0.7595100519269632
T91IVRT,4.863775614503372
T9DMXO7,0.7791269596366744
TA0D4P0,0.18726800085056663
TA8ZG38,31.08482550994998
TAHVMK0,2.385904368757696
TB7TL8P,0.8712762234649102
TCUK28W,37.83438861884087
TD4M9IK,13.242908169940288
TDAXQX1,2.4449702249446132
TE59SSX,-0.43637325339294536
TGOMFD8,7.393224365620644
TH952D6,1.6024847724607596
TI0U4IY,38.202631384838035
TJ40R7Z,34.89158757335423
TKML29Z,-0.3668465301876836
TKY534E,4.403621420049788
TLBPRJT,0.1426515968333749
TLRP1RN,4.194479351241495
TM2BCK1,35.37928507235318
TNDL3KQ,30.725475051427726
TOC5EQQ,0.5952715355105651
TOM8OZI,0.8035669769632614
TORWZ2S,6.213241360899818
TPQ42FD,1.9625507347876212
TQK8SE6,4.993787018645254
TS6ARCC,5.3202374171830735
TSIHOGS,23.533290922276336
TSSOEEC,2.1165990462379085
TV0NYBT,39.699482429934925
TVCIMNO,1.0136627773689957
U26ISD7,0.4905858317020621
U3KWRHP,15.477820778918806
U7CE78T,30.366407703032408
U7OFXYN,22.116842357528252
UCERMV9,3.3078777668452433
UDRXCVI,0.3865171664072115
UDVPP7H,40.4551267067712
UDVQQGH,1.3292602357386203
UEMFQN8,34.78619651865381
UEPBGEN,14.453927057091349
UFQYCD6,35.289742711388215
UG4033A,3.5156064953886705
UGBKXR4,0.3821598777888769
UHH0JMJ,27.849921204556196
UII41SH,0.2990659863646999
UJHDJHG,40.32227276522872
UJUYOLI,0.5120690492962504
UKFHU8P,19.289161584667344
ULKCFXQ,0.1899328762833733
UMXNA7S,4.169069675692902
UNXLCFA,-0.06324154651075357
UOTYB4Z,1.265634911242798
UPLYPDZ,30.61283693896002
URDFM9C,0.9194743474689848
UUYQ8U8,0.29827910937261076
UWC9O6R,0.0669796438707732
V17SWCB,10.934654535559089
V4AG3BZ,39.62388659969947
V4TGYUD,2.2031975186421056
V55FAD9,0.09761344215126184
V6J7H8M,3.8749790956512644
V6KT9YF,0.5706080642654218
V72HTL3,1.785446575123574
V7M38SK,2.5519287959200696
V82OVOR,2.6021870616978315
V8CR93T,2.842753424679709
V8JIS8T,1.0130327468358307
V9AFHQD,20.195217723139148
VA2T7KX,-0.20782775266470774
VBABIFF,6.205550551576636
VCGV5PO,0.8893960807523085
VCOS60V,16.481842592763005
VGIYTG8,5.31610423585066
VIYJ2S1,20.76307555168133
VJ4J06X,35.74399996343681
VKEJEZ4,6.620975230923211
VKLQ39V,-0.40364375948220355
VLTLL4G,6.373060848745578
VLYY49A,-0.001128605794958178
VQUNXHA,0.6888460991489899
VSI7BPX,25.28928385491938
VSNMUB5,16.85736297808307
VTI2CHZ,26.204210066787947
VTYXS93,14.894131585832248
VUBGIAF,0.8508974320758131
VUO6R2Z,2.3527872685418463
VWCFGYF,2.6484748421416966
VXNG30P,26.561458520898025
VYMVWT9,14.999105688342235
VYNVAPY,33.10578773254905
VYWR87L,7.880246914291138
VZEPXPG,20.538378837046015
VZICCTI,3.3784829574813053
W0CNP79,1.524477897947946
W2Z6J2Z,29.749082014585316
W5T6T2N,35.82365378734033
W6VEMPQ,26.653458582722532
W7R3LVZ,0.13585004259038974
W9AWQ4O,-0.6722857827253689
W9YLEKZ,3.887506917786974
WBPJA6G,1.117767313272776
WBVEPDT,0.6393484470979548
WG31KFR,8.973487034713385
WG7DVB6,38.65629988905889
WGWWSS0,24.423059980700913
WJHOBLB,32.31068694482076
WL27YXX,7.2916627099975315
WN4C63S,5.713739967304561
WQ4CH8P,0.5192368704353669
WQ4YJXP,5.1479023150405885
WUSOYJK,-0.4780629501235545
WV0SZOG,0.13153479334534743
X11R9DJ,9.771568005020784
X2FJEJ4,30.909720129867168
X55EOMC,1.6346829337339834
X73JLGE,0.15781076895863808
X7K5LU8,1.3678367925581625
X9G3F3Z,27.591590752523075
XA2NBUP,23.374729982646937
XAZ35LW,-0.07469853913484659
XC8ETQL,23.806803054810914
XDHC6GG,38.49273122696038
XHQI8KL,37.316278127739984
XIIGZTS,39.056776103425875
XJRGZRJ,2.3986850270163482
XM7IJ8L,-0.3435968463102668
XT6TNAN,35.66736926126069
XT7CRZU,2.5752252783510703
XU5DGS2,4.1111381173953125
XU9XIXF,16.929081326420974
XVZ2RIL,5.742440694268688
XW1490D,30.448089560446558
Y1119PM,0.34601287036934836
Y1M2G3O,0.4304153251441547
Y2V57FE,19.194726117589923
Y3AKS6U,-0.3003325955562047
Y3W7VYK,0.25415074134470567
Y4VZQZF,6.913206788457121
Y5EMJGV,3.0038846128952925
Y7G7PMW,5.817069112180149
Y80ASGS,32.733768680195105
Y8LZQKT,-0.8398375329606464
Y8Y08IC,2.244335616301013
Y9EHU0R,39.2290716543496
YAKYSNG,2.610904241164965
YCMP3TK,0.8885113743433473
YDL00PC,1.0900400701680217
YE0GB1U,15.852107306152348
YEZMCKP,0.12015039748765466
YF7VZYM,11.78838807340702
YFO7J6P,0.40646971392807046
YHX5E97,39.070476349988446
YJ5CIHU,3.2246799039625933
YJFF28O,30.181145085459075
YJLAFIK,10.400408762276394
YJTJ3L0,12.024446662204241
YLM1PNU,31.98275207136807
YMPLAGW,43.13658168814709
YN8E8G6,2.3427912447128105
YNH3CWY,0.5867827612301794
YO2YZY4,36.23244938021998
YORBIHJ,29.985001019841523
YQ3FRP1,29.517477150211707
YQU7L9F,0.8199943030935269
YV20EMP,29.28440564562609
YV2IUYV,12.75242013614582
YXAANFN,0.4930721269909036
YXK58V3,24.768427986224864
YXLBNNQ,0.3688047780260626
YXLY3B3,-0.017423230099762228
YZ5ZC6D,35.6427793117531
YZ8PFXZ,0.2119142847389199
Z1A2M3S,1.491563600993896
Z37PQTQ,0.9647745636107362
Z51GAXD,0.05137099286766975
Z6JMNCM,12.717568882830465
Z792KK0,29.743639521439757
Z9C6CFV,26.344732789359472
ZAOFFCZ,16.602157332746216
ZCIA93Q,34.19353262199626
ZDJMCKC,37.49352347570217
ZFB9S4P,5.834429073005204
ZFM74S5,8.28422722117344
ZH2B8CW,7.437950874008223
ZHXKN8M,31.935100611353487
ZHY9YK1,12.606414477129539
ZLVOYMA,34.60811292190152
ZM60DUE,1.4365315798028953
ZMIUDEL,32.19753623529761
ZMNMD3T,39.40302707235284
ZNEIOE5,22.88298140869018
ZNKN081,6.132811176662053
ZO1LB7F,4.543745992415264
ZPENM3F,1.1560261555548081
ZPMPL47,2.8031494071003227
ZQFMQVU,30.470759148348165
ZRAHMG2,0.15588978721831578
ZS0Z900,36.82535366136606
ZSNE8SY,4.710812130257501
ZUX503E,2.1609231726917084
ZV3KA4K,18.664739648831404
ZV99Z7P,3.53178938164057
ZVO9F7A,5.691888644761562
ZVVA1LV,0.8437034332412052
ZXHN2A8,1.6335772283322694
