id,target_pct_vunerable
00A93O0,10.258946922522684
01V40KO,10.258946922522684
01ZHVW0,10.258946922522684
028YQJX,10.258946922522684
02G8W11,10.258946922522684
03RU77Q,10.258946922522684
0935C30,10.258946922522684
0DCE4FB,10.258946922522684
0DUEHMX,10.258946922522684
0FTXTHP,10.258946922522684
0FXECHK,10.258946922522684
0HCX91F,10.258946922522684
0IKGARI,10.258946922522684
0JRGKQ4,10.258946922522684
0KTSEXR,10.258946922522684
0M6MX2A,10.258946922522684
0P8S06V,10.258946922522684
0PBSOBF,10.258946922522684
0PNJX5M,10.258946922522684
0RA7XHK,10.258946922522684
0S7C4DH,10.258946922522684
0TRP3ER,10.258946922522684
0US7N2T,10.258946922522684
0WS5BT8,10.258946922522684
0XABPKH,10.258946922522684
0XE31PI,10.258946922522684
0Y0V3J8,10.258946922522684
0YPOXHL,10.258946922522684
0ZFUG7F,10.258946922522684
105NU2D,10.258946922522684
10OB8IW,10.258946922522684
14EYJ6K,10.258946922522684
151LFIB,10.258946922522684
17FACUG,10.258946922522684
18M5SKB,10.258946922522684
1B4JFVL,10.258946922522684
1BF4WMH,10.258946922522684
1BIEG1U,10.258946922522684
1C2TVDR,10.258946922522684
1C48ZJ2,10.258946922522684
1CMO0Y4,10.258946922522684
1CUTFTD,10.258946922522684
1DNN5IJ,10.258946922522684
1FG5H0O,10.258946922522684
1IOYQOT,10.258946922522684
1JBNE5I,10.258946922522684
1LGRAYJ,10.258946922522684
1O20G6P,10.258946922522684
1PD72TN,10.258946922522684
1Q75HEP,10.258946922522684
1RW5NMZ,10.258946922522684
1SZBSWT,10.258946922522684
1U5BC3L,10.258946922522684
1WAZ8Q0,10.258946922522684
1YE6439,10.258946922522684
1YIF2RN,10.258946922522684
215TAPC,10.258946922522684
22DG8AR,10.258946922522684
233CS64,10.258946922522684
24JY8CX,10.258946922522684
24OX2ZO,10.258946922522684
24WYRNI,10.258946922522684
257YM8M,10.258946922522684
26I3DN0,10.258946922522684
26RDOIK,10.258946922522684
2861T51,10.258946922522684
28FV4CA,10.258946922522684
28XXOHY,10.258946922522684
2B8E3IA,10.258946922522684
2BFC9MJ,10.258946922522684
2D2Z50D,10.258946922522684
2DF76GS,10.258946922522684
2EEDA3F,10.258946922522684
2FO0WKT,10.258946922522684
2H6Z1TB,10.258946922522684
2IZ2FOA,10.258946922522684
2KJIQI4,10.258946922522684
2L6Z5NV,10.258946922522684
2LDKL4U,10.258946922522684
2MDACB3,10.258946922522684
2MQD51O,10.258946922522684
2OAIZ4C,10.258946922522684
2OU52SS,10.258946922522684
2QKDSRB,10.258946922522684
2R2BYQK,10.258946922522684
2RFLYH2,10.258946922522684
2SNGXJS,10.258946922522684
2SZ6BB2,10.258946922522684
2U3Z9GM,10.258946922522684
2VQN76H,10.258946922522684
2WJG38Y,10.258946922522684
2WN9P3F,10.258946922522684
2WNNN6R,10.258946922522684
2ZDX7JP,10.258946922522684
2ZJX6E6,10.258946922522684
3369B4X,10.258946922522684
33AU2EF,10.258946922522684
34HQTD8,10.258946922522684
34JHI35,10.258946922522684
37HAXAE,10.258946922522684
38QC76K,10.258946922522684
3ARUZR4,10.258946922522684
3C8W5V6,10.258946922522684
3CAYCPX,10.258946922522684
3CI0CKX,10.258946922522684
3D0HQS7,10.258946922522684
3EA16E7,10.258946922522684
3EHDLM2,10.258946922522684
3EXPKHN,10.258946922522684
3F2D9F0,10.258946922522684
3F9T39K,10.258946922522684
3G0G6A3,10.258946922522684
3HJ2SJ7,10.258946922522684
3IMSK3F,10.258946922522684
3IO8T7J,10.258946922522684
3K1QDO6,10.258946922522684
3PSGNSV,10.258946922522684
3PUBSAF,10.258946922522684
3Q1BEBW,10.258946922522684
3RCTMF2,10.258946922522684
3RL23LD,10.258946922522684
3VGPDZ5,10.258946922522684
3W7QZ5P,10.258946922522684
3XCKC70,10.258946922522684
3Y7OY4T,10.258946922522684
3Z7B62W,10.258946922522684
40LFOGC,10.258946922522684
40PHH7U,10.258946922522684
42DZQJA,10.258946922522684
45AI1QH,10.258946922522684
47ICDLY,10.258946922522684
47XV4P3,10.258946922522684
485MJWX,10.258946922522684
49HVKTG,10.258946922522684
49ZGNCJ,10.258946922522684
49ZNW7E,10.258946922522684
4D6H3V3,10.258946922522684
4DARAWK,10.258946922522684
4DBURYH,10.258946922522684
4IJL6PQ,10.258946922522684
4K01HCW,10.258946922522684
4KVOUFG,10.258946922522684
4MUT93Q,10.258946922522684
4OMEQQM,10.258946922522684
4OU1J1Z,10.258946922522684
4QIL7U4,10.258946922522684
4RFNZ3K,10.258946922522684
4RGXG6V,10.258946922522684
4SSME9C,10.258946922522684
4SXBIRR,10.258946922522684
4TAUY40,10.258946922522684
4ULD0F5,10.258946922522684
4UUST6G,10.258946922522684
4W49QH5,10.258946922522684
4W9H5MR,10.258946922522684
4ZOI3KZ,10.258946922522684
50JGUDC,10.258946922522684
51J42OG,10.258946922522684
52P1YPZ,10.258946922522684
5404OVK,10.258946922522684
54ILT9A,10.258946922522684
54VKXXW,10.258946922522684
56AJT4M,10.258946922522684
58DQFW2,10.258946922522684
59A2WAI,10.258946922522684
59W1R31,10.258946922522684
5CGFJF4,10.258946922522684
5EI2I07,10.258946922522684
5ELWVGE,10.258946922522684
5F2CTMZ,10.258946922522684
5HVS35S,10.258946922522684
5JE13GA,10.258946922522684
5K5GJFJ,10.258946922522684
5KKOYMO,10.258946922522684
5L3M523,10.258946922522684
5LVF7CU,10.258946922522684
5MM3YQB,10.258946922522684
5N0URLB,10.258946922522684
5N6EZ1S,10.258946922522684
5S3ELYF,10.258946922522684
5TBBZQV,10.258946922522684
5WGC8R7,10.258946922522684
5WN9VZF,10.258946922522684
5Y31GRR,10.258946922522684
5YAG9SP,10.258946922522684
62E22PQ,10.258946922522684
652X54R,10.258946922522684
65VFJHC,10.258946922522684
678EWN0,10.258946922522684
683T0RS,10.258946922522684
6AFF1OZ,10.258946922522684
6C3151N,10.258946922522684
6D2WD86,10.258946922522684
6D96UPF,10.258946922522684
6EY3N45,10.258946922522684
6F42S01,10.258946922522684
6H5XB06,10.258946922522684
6HBMUQ1,10.258946922522684
6HR8849,10.258946922522684
6I2ADVC,10.258946922522684
6KA2MF9,10.258946922522684
6NY6KYD,10.258946922522684
6O6VZL4,10.258946922522684
6OC1RD0,10.258946922522684
6PSLJ54,10.258946922522684
6QNQRT1,10.258946922522684
6RGO7XW,10.258946922522684
6S3AVBJ,10.258946922522684
6W07TP6,10.258946922522684
6WIZX7C,10.258946922522684
6WKWAXF,10.258946922522684
6WRMCTV,10.258946922522684
6XO9WKJ,10.258946922522684
6Z0AG00,10.258946922522684
6ZX6KZY,10.258946922522684
70QTSOC,10.258946922522684
70QWCQN,10.258946922522684
70TT5RG,10.258946922522684
722FB2E,10.258946922522684
727BLLN,10.258946922522684
72N4VXM,10.258946922522684
72QMGGF,10.258946922522684
7376KM2,10.258946922522684
74ZW69I,10.258946922522684
75INALX,10.258946922522684
7674G9Z,10.258946922522684
76PGI5C,10.258946922522684
76XL1DS,10.258946922522684
7871DQY,10.258946922522684
78NCRDD,10.258946922522684
7B9PJ46,10.258946922522684
7BA3P7L,10.258946922522684
7BGQBZS,10.258946922522684
7CESXKA,10.258946922522684
7EYP4G0,10.258946922522684
7G31XF6,10.258946922522684
7H1DT0M,10.258946922522684
7H26K3P,10.258946922522684
7HJI3YZ,10.258946922522684
7HS8XBV,10.258946922522684
7J63FDQ,10.258946922522684
7KMO5P0,10.258946922522684
7KW3SI1,10.258946922522684
7LF7KJA,10.258946922522684
7LP4WWS,10.258946922522684
7LR536E,10.258946922522684
7O4GI7N,10.258946922522684
7O5642F,10.258946922522684
7OGTH2F,10.258946922522684
7OPTXE8,10.258946922522684
7QEL4LH,10.258946922522684
7TCN6IW,10.258946922522684
7V98R2Q,10.258946922522684
7Y2MHA7,10.258946922522684
7YI3CHO,10.258946922522684
7YL7D6W,10.258946922522684
7Z6YOV0,10.258946922522684
7ZGJQ2R,10.258946922522684
80PSDM6,10.258946922522684
80YBLWC,10.258946922522684
82JCYHJ,10.258946922522684
83TRY6G,10.258946922522684
88NI79C,10.258946922522684
8CO88MA,10.258946922522684
8F9XEV0,10.258946922522684
8H1ZG4F,10.258946922522684
8H7C2ZL,10.258946922522684
8J4DMMT,10.258946922522684
8JAW9CN,10.258946922522684
8JIS8H6,10.258946922522684
8LYR33E,10.258946922522684
8M6KSB8,10.258946922522684
8PIZIXD,10.258946922522684
8Q4ZXKO,10.258946922522684
8RZT1QY,10.258946922522684
8TZ31BD,10.258946922522684
8U22RRT,10.258946922522684
8VMATWP,10.258946922522684
8W7VAH2,10.258946922522684
8W9J3U3,10.258946922522684
8Z4XDBI,10.258946922522684
8ZSIWPM,10.258946922522684
91KR9VT,10.258946922522684
933QAGH,10.258946922522684
95NNRDB,10.258946922522684
96MA3AF,10.258946922522684
97CLVP8,10.258946922522684
98S7F3M,10.258946922522684
99AOQGC,10.258946922522684
9AWIFKJ,10.258946922522684
9BERHOH,10.258946922522684
9BFNNF9,10.258946922522684
9C9NGOA,10.258946922522684
9ECLL9Z,10.258946922522684
9HS5M9Z,10.258946922522684
9HTBUN6,10.258946922522684
9ISLQ60,10.258946922522684
9J02E7F,10.258946922522684
9L7B971,10.258946922522684
9ONYDLE,10.258946922522684
9PDHCA1,10.258946922522684
9PFP18S,10.258946922522684
9RF4OHB,10.258946922522684
9RIXRTY,10.258946922522684
9T55WOP,10.258946922522684
9TGSTW6,10.258946922522684
9UNT4JY,10.258946922522684
9YGQZWQ,10.258946922522684
A1OF2EL,10.258946922522684
A29CQ8L,10.258946922522684
A5LQQ0D,10.258946922522684
A7J2YLO,10.258946922522684
A8KQLUM,10.258946922522684
AB21C6W,10.258946922522684
AERL2RY,10.258946922522684
AEUUU5U,10.258946922522684
AG7R283,10.258946922522684
AJCA5P8,10.258946922522684
AJFPZZZ,10.258946922522684
AJSS5A1,10.258946922522684
AKB182C,10.258946922522684
ALDWH1X,10.258946922522684
AM4T8JY,10.258946922522684
AM5E92T,10.258946922522684
APPXPKB,10.258946922522684
AQFXYE9,10.258946922522684
AS5JRV6,10.258946922522684
ATKC6E1,10.258946922522684
ATRGY6V,10.258946922522684
AUCA4KA,10.258946922522684
AVHWRWG,10.258946922522684
AWTEJT5,10.258946922522684
AXMPXBT,10.258946922522684
AYSTXS1,10.258946922522684
AZ4NS9X,10.258946922522684
AZK6D4H,10.258946922522684
B21VKS3,10.258946922522684
B2V9IKE,10.258946922522684
B3NCMQS,10.258946922522684
B6975OR,10.258946922522684
B6KREXD,10.258946922522684
B8VHYMI,10.258946922522684
BDM72I6,10.258946922522684
BE7TGCB,10.258946922522684
BEQU1O6,10.258946922522684
BEZN5NA,10.258946922522684
BI9LJ9F,10.258946922522684
BILX913,10.258946922522684
BJYZ72X,10.258946922522684
BJZYAU2,10.258946922522684
BK5HDYT,10.258946922522684
BKM3H10,10.258946922522684
BOHWVWP,10.258946922522684
BOTF02V,10.258946922522684
BPBJ33N,10.258946922522684
BQKYO2C,10.258946922522684
BVMB1WZ,10.258946922522684
BX0I0XW,10.258946922522684
BXZ5ECW,10.258946922522684
C0J0F1P,10.258946922522684
C30U17K,10.258946922522684
C4CD8HR,10.258946922522684
C5R886J,10.258946922522684
C8CSK7D,10.258946922522684
CAF3OAU,10.258946922522684
CB1QAVX,10.258946922522684
CDOQIA6,10.258946922522684
CEQ729A,10.258946922522684
CF0FDBB,10.258946922522684
CGZRMFT,10.258946922522684
CHGGEJ4,10.258946922522684
CI7SWQC,10.258946922522684
CKSFQXT,10.258946922522684
CMDVTUQ,10.258946922522684
CMEGM3B,10.258946922522684
CMVQOK5,10.258946922522684
CNC6RMY,10.258946922522684
CQDFDC9,10.258946922522684
CR90ZYN,10.258946922522684
CRA8AXR,10.258946922522684
CRM7XGR,10.258946922522684
CSJMN94,10.258946922522684
CSQ8ONL,10.258946922522684
CUA2D7G,10.258946922522684
CVYLZ5L,10.258946922522684
CXWW04U,10.258946922522684
D4GH9YU,10.258946922522684
D4KYOVL,10.258946922522684
D506X95,10.258946922522684
D5RMK4N,10.258946922522684
D6IG1OR,10.258946922522684
DC8TVXY,10.258946922522684
DCNHKH1,10.258946922522684
DCQAJD1,10.258946922522684
DD34F1L,10.258946922522684
DE427GM,10.258946922522684
DEYZCCS,10.258946922522684
DFTL7CQ,10.258946922522684
DHC5KRP,10.258946922522684
DHEVN3I,10.258946922522684
DHQ9UFQ,10.258946922522684
DK4DWMH,10.258946922522684
DK7XROB,10.258946922522684
DLB3WRH,10.258946922522684
DLG0XMA,10.258946922522684
DLRMPO2,10.258946922522684
DMYKPR4,10.258946922522684
DPXRQX4,10.258946922522684
DT1A9E3,10.258946922522684
DTMHZ6T,10.258946922522684
DUCAFUH,10.258946922522684
DVTE2AN,10.258946922522684
DXL30LA,10.258946922522684
DXXUNY9,10.258946922522684
DY5YNRV,10.258946922522684
E1FC68F,10.258946922522684
E2ILHEI,10.258946922522684
E2MT71O,10.258946922522684
E2O8E0S,10.258946922522684
E4ESNDQ,10.258946922522684
E64E4F2,10.258946922522684
E8WJ4D6,10.258946922522684
E9L6ARS,10.258946922522684
E9VZB68,10.258946922522684
EAX9J3P,10.258946922522684
EDRQNYR,10.258946922522684
EG65A2B,10.258946922522684
EGZPSVI,10.258946922522684
EH228C3,10.258946922522684
EHCONME,10.258946922522684
EHQZ4Y4,10.258946922522684
EIO9DRQ,10.258946922522684
EJVC014,10.258946922522684
EKDFDQ7,10.258946922522684
EO8BCE9,10.258946922522684
EP486A2,10.258946922522684
EQO0H5O,10.258946922522684
EQYUT34,10.258946922522684
EU9U747,10.258946922522684
EUCT2HM,10.258946922522684
EWWBQKS,10.258946922522684
F0XCLZ9,10.258946922522684
F2C382V,10.258946922522684
F4TDEO1,10.258946922522684
F4WT22B,10.258946922522684
F4X93YN,10.258946922522684
F615LRG,10.258946922522684
F6IUZUE,10.258946922522684
F8L4C24,10.258946922522684
F97GO45,10.258946922522684
FAJGHMF,10.258946922522684
FALCTGY,10.258946922522684
FBCRMC6,10.258946922522684
FBSIOFN,10.258946922522684
FC5H2XI,10.258946922522684
FE4YE1C,10.258946922522684
FEGUXNF,10.258946922522684
FG6RFSL,10.258946922522684
FH3L9HI,10.258946922522684
FL647DD,10.258946922522684
FL9EGRN,10.258946922522684
FLUBYBI,10.258946922522684
FMQPOZ2,10.258946922522684
FMVQMD6,10.258946922522684
FO9ZIP1,10.258946922522684
FP4US02,10.258946922522684
FQUA0G8,10.258946922522684
FRKT13D,10.258946922522684
FRYE2T3,10.258946922522684
FSKQ43U,10.258946922522684
FT4FYXF,10.258946922522684
FT5NICP,10.258946922522684
FTFBY3X,10.258946922522684
FTIG3NA,10.258946922522684
FUNSQ0P,10.258946922522684
FUTQFXD,10.258946922522684
FWL6RHB,10.258946922522684
FYGWYUA,10.258946922522684
FYTPD4G,10.258946922522684
FZYBHN0,10.258946922522684
G1IGQ85,10.258946922522684
G2UPTB4,10.258946922522684
G351CWK,10.258946922522684
G3WNH2P,10.258946922522684
G4DSUVR,10.258946922522684
G65EE2X,10.258946922522684
G6PSA7A,10.258946922522684
G7SVLIP,10.258946922522684
G87ZFLI,10.258946922522684
GAHA6EE,10.258946922522684
GCJ2R0O,10.258946922522684
GCR9H4I,10.258946922522684
GDESAIV,10.258946922522684
GFA2A6P,10.258946922522684
GHY7KTV,10.258946922522684
GJOSYVF,10.258946922522684
GL8ZFZL,10.258946922522684
GLPX4S2,10.258946922522684
GM4HYV5,10.258946922522684
GNII8UH,10.258946922522684
GR09SH6,10.258946922522684
GRF7F86,10.258946922522684
GS0GUX3,10.258946922522684
GSSEWG6,10.258946922522684
GVK341T,10.258946922522684
GXE9IT5,10.258946922522684
GXFDASD,10.258946922522684
GYP1U5X,10.258946922522684
GYZZQUR,10.258946922522684
H051PQS,10.258946922522684
H068AI4,10.258946922522684
H0BQSMC,10.258946922522684
H0CW9H7,10.258946922522684
H2BBFBM,10.258946922522684
H2FHGXX,10.258946922522684
H5ZFFVP,10.258946922522684
H6B0IBN,10.258946922522684
H84XHH0,10.258946922522684
H98LHW6,10.258946922522684
HAICAXI,10.258946922522684
HB6C2VM,10.258946922522684
HB8UE93,10.258946922522684
HDC1SOW,10.258946922522684
HEHYAN3,10.258946922522684
HFMBQ2K,10.258946922522684
HGF3YM1,10.258946922522684
HJ0J8A4,10.258946922522684
HJFNQ4Z,10.258946922522684
HKJAHMJ,10.258946922522684
HN2VQUN,10.258946922522684
HNODGSZ,10.258946922522684
HO8AH09,10.258946922522684
HOMRBI3,10.258946922522684
HOXIMWQ,10.258946922522684
HOZAVUD,10.258946922522684
HP6L7CU,10.258946922522684
HP7G5SI,10.258946922522684
HPDJVKT,10.258946922522684
HPOTGMM,10.258946922522684
HS3ZUIC,10.258946922522684
HSBI33P,10.258946922522684
HSQJD7X,10.258946922522684
HTMSKQH,10.258946922522684
HUOBPRT,10.258946922522684
I08O4A2,10.258946922522684
I0S99NO,10.258946922522684
I1FLB1X,10.258946922522684
I30EI2M,10.258946922522684
I5XXEP6,10.258946922522684
I64GJA9,10.258946922522684
I6CB7TV,10.258946922522684
I6K3TX3,10.258946922522684
I7EWJKO,10.258946922522684
I915T3L,10.258946922522684
IBG3UBW,10.258946922522684
IBRH0UK,10.258946922522684
IBT03YF,10.258946922522684
IEEF6U2,10.258946922522684
IERSARJ,10.258946922522684
IGRN0CD,10.258946922522684
IGYTPRV,10.258946922522684
IL6AXV2,10.258946922522684
ILTB4TJ,10.258946922522684
INQ0595,10.258946922522684
IPJXBNX,10.258946922522684
IQ6B52M,10.258946922522684
IRJC07R,10.258946922522684
IROJ9OQ,10.258946922522684
IS3U4NX,10.258946922522684
ISR4UP5,10.258946922522684
IUF7U02,10.258946922522684
IZWTRY8,10.258946922522684
J13VWU8,10.258946922522684
J9ZC8KQ,10.258946922522684
JA5IZI6,10.258946922522684
JADS7KZ,10.258946922522684
JDITQLL,10.258946922522684
JDS11FP,10.258946922522684
JERFJPA,10.258946922522684
JGRAFZR,10.258946922522684
JILOBHL,10.258946922522684
JJXZ413,10.258946922522684
JK0JD5Q,10.258946922522684
JO23YAB,10.258946922522684
JOEY6VD,10.258946922522684
JONLVA3,10.258946922522684
JOVNCCD,10.258946922522684
JP7G0TJ,10.258946922522684
JPLEKFP,10.258946922522684
JQIKVQB,10.258946922522684
JQLQPLT,10.258946922522684
JRCABOC,10.258946922522684
JU7L4Z8,10.258946922522684
JVGSVUU,10.258946922522684
JWB66T9,10.258946922522684
JWU18S5,10.258946922522684
JWUNRHJ,10.258946922522684
JXEEO4C,10.258946922522684
JZGQJ8S,10.258946922522684
K0N9P1U,10.258946922522684
K0X7GEF,10.258946922522684
K10QAFA,10.258946922522684
K1BHMVT,10.258946922522684
K1GUNP7,10.258946922522684
K2LRVIV,10.258946922522684
K41CN5K,10.258946922522684
K6RTCX4,10.258946922522684
K8W0QKS,10.258946922522684
KAL2K6J,10.258946922522684
KAVI2N7,10.258946922522684
KBFI436,10.258946922522684
KDW4FH2,10.258946922522684
KFY6NQP,10.258946922522684
KH965L6,10.258946922522684
KHA8AKR,10.258946922522684
KHZD78Z,10.258946922522684
KIPA1Z1,10.258946922522684
KL0XRM7,10.258946922522684
KMQIOPL,10.258946922522684
KNTFONZ,10.258946922522684
KOG35ZD,10.258946922522684
KR4ZVZU,10.258946922522684
KRILFSB,10.258946922522684
KT0IR8S,10.258946922522684
KT4DCML,10.258946922522684
KT4DV8U,10.258946922522684
KV9S7BO,10.258946922522684
KYV0YPK,10.258946922522684
KYWK5FL,10.258946922522684
KZ6HHR7,10.258946922522684
KZ9I7G4,10.258946922522684
KZDA0TR,10.258946922522684
L14R619,10.258946922522684
L14TI9W,10.258946922522684
L296CLJ,10.258946922522684
L2SH4Z3,10.258946922522684
L3108JM,10.258946922522684
L3M3MP4,10.258946922522684
L3RDZF7,10.258946922522684
L5KP644,10.258946922522684
L90MOJU,10.258946922522684
LABCTSY,10.258946922522684
LB9DYZX,10.258946922522684
LBJ4V47,10.258946922522684
LCNON4M,10.258946922522684
LE0ZIZO,10.258946922522684
LI27M5L,10.258946922522684
LJ2XPP0,10.258946922522684
LJX33VY,10.258946922522684
LN1CZWZ,10.258946922522684
LNGUZ2C,10.258946922522684
LNLWG10,10.258946922522684
LNNL1RQ,10.258946922522684
LOA8BK5,10.258946922522684
LOZM079,10.258946922522684
LR7MT81,10.258946922522684
LRJ3LYZ,10.258946922522684
LTSRY8L,10.258946922522684
LU5H6KW,10.258946922522684
LVDXGC6,10.258946922522684
LWVVA1Q,10.258946922522684
LXFQZIP,10.258946922522684
LXQNDTB,10.258946922522684
LY89Y4W,10.258946922522684
LYFZXE7,10.258946922522684
M0L2YZI,10.258946922522684
M0RK3DS,10.258946922522684
M3G1XV8,10.258946922522684
M4HMED4,10.258946922522684
M8H3UGM,10.258946922522684
MAGHREI,10.258946922522684
MB9HM4N,10.258946922522684
MBCPBZ6,10.258946922522684
MCHTPDO,10.258946922522684
MDDALNY,10.258946922522684
MDY5G9V,10.258946922522684
MFN67G9,10.258946922522684
MHNMH6Z,10.258946922522684
MIG763X,10.258946922522684
MJLGMEK,10.258946922522684
MJO75IU,10.258946922522684
MKVHOLH,10.258946922522684
MM37PJI,10.258946922522684
MMCJPLL,10.258946922522684
MMTJANS,10.258946922522684
MN59YXM,10.258946922522684
MOC9YLU,10.258946922522684
MOI31TE,10.258946922522684
MQ3XADH,10.258946922522684
MSXTFXP,10.258946922522684
MTBC19M,10.258946922522684
MVXMSBI,10.258946922522684
MX9JAX5,10.258946922522684
MXWBZDB,10.258946922522684
MYKRT2F,10.258946922522684
MZOQHE1,10.258946922522684
N01GIXS,10.258946922522684
N04RVND,10.258946922522684
N06USYP,10.258946922522684
N2KF0V7,10.258946922522684
N4NLMES,10.258946922522684
N7GJMJC,10.258946922522684
N7HHK3S,10.258946922522684
N7ZUKG2,10.258946922522684
N9T6VLM,10.258946922522684
NAYJB10,10.258946922522684
ND0JYDB,10.258946922522684
NDL8SYB,10.258946922522684
NGHQY9E,10.258946922522684
NGPVLJR,10.258946922522684
NI07H6B,10.258946922522684
NIV1PX6,10.258946922522684
NIZ8E6V,10.258946922522684
NJBXEA9,10.258946922522684
NJCV4SV,10.258946922522684
NK25JX7,10.258946922522684
NK595I5,10.258946922522684
NKJZ0P2,10.258946922522684
NLSHK5G,10.258946922522684
NM86P1X,10.258946922522684
NMJ91KT,10.258946922522684
NMOE9MS,10.258946922522684
NMQB7KY,10.258946922522684
NOGV1OL,10.258946922522684
NS1NM6I,10.258946922522684
NT4Q0ZN,10.258946922522684
NTE87ZD,10.258946922522684
NU8EA7A,10.258946922522684
NUJU0CV,10.258946922522684
NW13DAE,10.258946922522684
NW3L55I,10.258946922522684
NXU1FAJ,10.258946922522684
NYODCCH,10.258946922522684
NYX6H0Y,10.258946922522684
NYY0XPX,10.258946922522684
NZJ061W,10.258946922522684
O0B0W9W,10.258946922522684
O2RJ5K0,10.258946922522684
O44FHVP,10.258946922522684
O54VQNV,10.258946922522684
O66E2GD,10.258946922522684
O6BUZ4X,10.258946922522684
O72ZAMH,10.258946922522684
O8TLCHZ,10.258946922522684
OAJK6MW,10.258946922522684
OAUV81P,10.258946922522684
OBMXWKQ,10.258946922522684
ODNFJ1I,10.258946922522684
OE6CHSJ,10.258946922522684
OFISK6Z,10.258946922522684
OGJCMH5,10.258946922522684
OHHERMF,10.258946922522684
OHRIL2J,10.258946922522684
OIIQANC,10.258946922522684
OJF3LBX,10.258946922522684
OJFDFUL,10.258946922522684
OJV6V0S,10.258946922522684
OK14ZYP,10.258946922522684
OK549UV,10.258946922522684
OKR2Z1E,10.258946922522684
ORDQF56,10.258946922522684
OSU9FUF,10.258946922522684
OTWHFDS,10.258946922522684
OUDIE7M,10.258946922522684
OV0H82B,10.258946922522684
OWWO3TJ,10.258946922522684
OY6MMSI,10.258946922522684
P01O5SE,10.258946922522684
P0AURVR,10.258946922522684
P0PNAP5,10.258946922522684
P0YRLF8,10.258946922522684
P101U1Y,10.258946922522684
P12LTXP,10.258946922522684
P50W51Q,10.258946922522684
P5DRBT5,10.258946922522684
P6FYCS3,10.258946922522684
P9TF6H0,10.258946922522684
PBNG5I2,10.258946922522684
PC3PTM2,10.258946922522684
PCGXFAT,10.258946922522684
PFZJUDY,10.258946922522684
PG0TUFO,10.258946922522684
PG8VHKY,10.258946922522684
PGYPB96,10.258946922522684
PM9ZGVN,10.258946922522684
PMPI904,10.258946922522684
PN2QXU4,10.258946922522684
PN5AEJR,10.258946922522684
PNJ2S96,10.258946922522684
PPH0474,10.258946922522684
PPOUS3C,10.258946922522684
PQOZQ9W,10.258946922522684
PR60JLQ,10.258946922522684
PUR3YEG,10.258946922522684
PUT5QUT,10.258946922522684
PUWWXS3,10.258946922522684
PUYBLCL,10.258946922522684
PV7EBPS,10.258946922522684
PVXKA3W,10.258946922522684
PWC55BT,10.258946922522684
PWQR8P5,10.258946922522684
PWS7UD9,10.258946922522684
PX46FE3,10.258946922522684
PXXEFA4,10.258946922522684
PZUN8NP,10.258946922522684
Q1HNN28,10.258946922522684
Q1PCL13,10.258946922522684
Q2JRIJN,10.258946922522684
Q5CFP2T,10.258946922522684
Q6143KU,10.258946922522684
Q6U5I4N,10.258946922522684
Q8BIIZU,10.258946922522684
QAMMRSD,10.258946922522684
QAVLQCN,10.258946922522684
QB85T37,10.258946922522684
QBSVYYD,10.258946922522684
QC4RN0Z,10.258946922522684
QCIILW3,10.258946922522684
QD2GE6I,10.258946922522684
QDAV94C,10.258946922522684
QDDDZYT,10.258946922522684
QDPYL2U,10.258946922522684
QFG60LS,10.258946922522684
QGCAKZ6,10.258946922522684
QH706K1,10.258946922522684
QJWTY2B,10.258946922522684
QL9SLDS,10.258946922522684
QLFK8BS,10.258946922522684
QN3PKLF,10.258946922522684
QOEBOR8,10.258946922522684
QRT7KJF,10.258946922522684
QYE25PI,10.258946922522684
R0XEUCT,10.258946922522684
R3H5L23,10.258946922522684
R48DF2L,10.258946922522684
R5927WW,10.258946922522684
R6LT29V,10.258946922522684
R8YU11R,10.258946922522684
R979NJ6,10.258946922522684
RBAQOFV,10.258946922522684
RBHGOKY,10.258946922522684
RCQGWY3,10.258946922522684
RDG6JOX,10.258946922522684
RE3QZSQ,10.258946922522684
RG750W1,10.258946922522684
RHK3W5P,10.258946922522684
RHTASON,10.258946922522684
RIA9L1X,10.258946922522684
RIWAT3Q,10.258946922522684
RJN1OGL,10.258946922522684
RKRR2HK,10.258946922522684
RKX72I7,10.258946922522684
RQ18H79,10.258946922522684
RQ1U4BU,10.258946922522684
RQID34P,10.258946922522684
RS6CKPN,10.258946922522684
RV6TP2Y,10.258946922522684
RWWNTNS,10.258946922522684
RX0JEQP,10.258946922522684
RX6KMNP,10.258946922522684
RXPYHF3,10.258946922522684
RYFH3P3,10.258946922522684
S0Y29Q5,10.258946922522684
S2L6QF0,10.258946922522684
S2Y87VX,10.258946922522684
S4ZYSZU,10.258946922522684
S99UBPA,10.258946922522684
SBR1I5B,10.258946922522684
SBYNJPC,10.258946922522684
SCLUFL4,10.258946922522684
SCMB4HS,10.258946922522684
SDHV2E2,10.258946922522684
SDLC84L,10.258946922522684
SFW9WE4,10.258946922522684
SHKI70P,10.258946922522684
SHVSINU,10.258946922522684
SISXQO1,10.258946922522684
SK239FE,10.258946922522684
SLWT623,10.258946922522684
SOWKV4B,10.258946922522684
SQY1S3T,10.258946922522684
SRML5XX,10.258946922522684
SSEAUO8,10.258946922522684
ST21GGG,10.258946922522684
STSE3UQ,10.258946922522684
SUO3D2H,10.258946922522684
SWFDSHK,10.258946922522684
SWKZV33,10.258946922522684
SXSHSV4,10.258946922522684
SYOY7YP,10.258946922522684
SZYVVAJ,10.258946922522684
T16HRPB,10.258946922522684
T3FQ1IO,10.258946922522684
T550RFY,10.258946922522684
T6GPZ9H,10.258946922522684
T76P2C4,10.258946922522684
T87F8W7,10.258946922522684
T91IVRT,10.258946922522684
T9DMXO7,10.258946922522684
TA0D4P0,10.258946922522684
TA8ZG38,10.258946922522684
TAHVMK0,10.258946922522684
TB7TL8P,10.258946922522684
TCUK28W,10.258946922522684
TD4M9IK,10.258946922522684
TDAXQX1,10.258946922522684
TE59SSX,10.258946922522684
TGOMFD8,10.258946922522684
TH952D6,10.258946922522684
TI0U4IY,10.258946922522684
TJ40R7Z,10.258946922522684
TKML29Z,10.258946922522684
TKY534E,10.258946922522684
TLBPRJT,10.258946922522684
TLRP1RN,10.258946922522684
TM2BCK1,10.258946922522684
TNDL3KQ,10.258946922522684
TOC5EQQ,10.258946922522684
TOM8OZI,10.258946922522684
TORWZ2S,10.258946922522684
TPQ42FD,10.258946922522684
TQK8SE6,10.258946922522684
TS6ARCC,10.258946922522684
TSIHOGS,10.258946922522684
TSSOEEC,10.258946922522684
TV0NYBT,10.258946922522684
TVCIMNO,10.258946922522684
U26ISD7,10.258946922522684
U3KWRHP,10.258946922522684
U7CE78T,10.258946922522684
U7OFXYN,10.258946922522684
UCERMV9,10.258946922522684
UDRXCVI,10.258946922522684
UDVPP7H,10.258946922522684
UDVQQGH,10.258946922522684
UEMFQN8,10.258946922522684
UEPBGEN,10.258946922522684
UFQYCD6,10.258946922522684
UG4033A,10.258946922522684
UGBKXR4,10.258946922522684
UHH0JMJ,10.258946922522684
UII41SH,10.258946922522684
UJHDJHG,10.258946922522684
UJUYOLI,10.258946922522684
UKFHU8P,10.258946922522684
ULKCFXQ,10.258946922522684
UMXNA7S,10.258946922522684
UNXLCFA,10.258946922522684
UOTYB4Z,10.258946922522684
UPLYPDZ,10.258946922522684
URDFM9C,10.258946922522684
UUYQ8U8,10.258946922522684
UWC9O6R,10.258946922522684
V17SWCB,10.258946922522684
V4AG3BZ,10.258946922522684
V4TGYUD,10.258946922522684
V55FAD9,10.258946922522684
V6J7H8M,10.258946922522684
V6KT9YF,10.258946922522684
V72HTL3,10.258946922522684
V7M38SK,10.258946922522684
V82OVOR,10.258946922522684
V8CR93T,10.258946922522684
V8JIS8T,10.258946922522684
V9AFHQD,10.258946922522684
VA2T7KX,10.258946922522684
VBABIFF,10.258946922522684
VCGV5PO,10.258946922522684
VCOS60V,10.258946922522684
VGIYTG8,10.258946922522684
VIYJ2S1,10.258946922522684
VJ4J06X,10.258946922522684
VKEJEZ4,10.258946922522684
VKLQ39V,10.258946922522684
VLTLL4G,10.258946922522684
VLYY49A,10.258946922522684
VQUNXHA,10.258946922522684
VSI7BPX,10.258946922522684
VSNMUB5,10.258946922522684
VTI2CHZ,10.258946922522684
VTYXS93,10.258946922522684
VUBGIAF,10.258946922522684
VUO6R2Z,10.258946922522684
VWCFGYF,10.258946922522684
VXNG30P,10.258946922522684
VYMVWT9,10.258946922522684
VYNVAPY,10.258946922522684
VYWR87L,10.258946922522684
VZEPXPG,10.258946922522684
VZICCTI,10.258946922522684
W0CNP79,10.258946922522684
W2Z6J2Z,10.258946922522684
W5T6T2N,10.258946922522684
W6VEMPQ,10.258946922522684
W7R3LVZ,10.258946922522684
W9AWQ4O,10.258946922522684
W9YLEKZ,10.258946922522684
WBPJA6G,10.258946922522684
WBVEPDT,10.258946922522684
WG31KFR,10.258946922522684
WG7DVB6,10.258946922522684
WGWWSS0,10.258946922522684
WJHOBLB,10.258946922522684
WL27YXX,10.258946922522684
WN4C63S,10.258946922522684
WQ4CH8P,10.258946922522684
WQ4YJXP,10.258946922522684
WUSOYJK,10.258946922522684
WV0SZOG,10.258946922522684
X11R9DJ,10.258946922522684
X2FJEJ4,10.258946922522684
X55EOMC,10.258946922522684
X73JLGE,10.258946922522684
X7K5LU8,10.258946922522684
X9G3F3Z,10.258946922522684
XA2NBUP,10.258946922522684
XAZ35LW,10.258946922522684
XC8ETQL,10.258946922522684
XDHC6GG,10.258946922522684
XHQI8KL,10.258946922522684
XIIGZTS,10.258946922522684
XJRGZRJ,10.258946922522684
XM7IJ8L,10.258946922522684
XT6TNAN,10.258946922522684
XT7CRZU,10.258946922522684
XU5DGS2,10.258946922522684
XU9XIXF,10.258946922522684
XVZ2RIL,10.258946922522684
XW1490D,10.258946922522684
Y1119PM,10.258946922522684
Y1M2G3O,10.258946922522684
Y2V57FE,10.258946922522684
Y3AKS6U,10.258946922522684
Y3W7VYK,10.258946922522684
Y4VZQZF,10.258946922522684
Y5EMJGV,10.258946922522684
Y7G7PMW,10.258946922522684
Y80ASGS,10.258946922522684
Y8LZQKT,10.258946922522684
Y8Y08IC,10.258946922522684
Y9EHU0R,10.258946922522684
YAKYSNG,10.258946922522684
YCMP3TK,10.258946922522684
YDL00PC,10.258946922522684
YE0GB1U,10.258946922522684
YEZMCKP,10.258946922522684
YF7VZYM,10.258946922522684
YFO7J6P,10.258946922522684
YHX5E97,10.258946922522684
YJ5CIHU,10.258946922522684
YJFF28O,10.258946922522684
YJLAFIK,10.258946922522684
YJTJ3L0,10.258946922522684
YLM1PNU,10.258946922522684
YMPLAGW,10.258946922522684
YN8E8G6,10.258946922522684
YNH3CWY,10.258946922522684
YO2YZY4,10.258946922522684
YORBIHJ,10.258946922522684
YQ3FRP1,10.258946922522684
YQU7L9F,10.258946922522684
YV20EMP,10.258946922522684
YV2IUYV,10.258946922522684
YXAANFN,10.258946922522684
YXK58V3,10.258946922522684
YXLBNNQ,10.258946922522684
YXLY3B3,10.258946922522684
YZ5ZC6D,10.258946922522684
YZ8PFXZ,10.258946922522684
Z1A2M3S,10.258946922522684
Z37PQTQ,10.258946922522684
Z51GAXD,10.258946922522684
Z6JMNCM,10.258946922522684
Z792KK0,10.258946922522684
Z9C6CFV,10.258946922522684
ZAOFFCZ,10.258946922522684
ZCIA93Q,10.258946922522684
ZDJMCKC,10.258946922522684
ZFB9S4P,10.258946922522684
ZFM74S5,10.258946922522684
ZH2B8CW,10.258946922522684
ZHXKN8M,10.258946922522684
ZHY9YK1,10.258946922522684
ZLVOYMA,10.258946922522684
ZM60DUE,10.258946922522684
ZMIUDEL,10.258946922522684
ZMNMD3T,10.258946922522684
ZNEIOE5,10.258946922522684
ZNKN081,10.258946922522684
ZO1LB7F,10.258946922522684
ZPENM3F,10.258946922522684
ZPMPL47,10.258946922522684
ZQFMQVU,10.258946922522684
ZRAHMG2,10.258946922522684
ZS0Z900,10.258946922522684
ZSNE8SY,10.258946922522684
ZUX503E,10.258946922522684
ZV3KA4K,10.258946922522684
ZV99Z7P,10.258946922522684
ZVO9F7A,10.258946922522684
ZVVA1LV,10.258946922522684
ZXHN2A8,10.258946922522684
